1.16293,1.32504,-0.82276,1.66575,-0.30233,1.72153,-0.11773,-0.97585,-0.31478,1.51726
0.75520,-0.25830,-0.66207,0.71570,0.61719,0.63531,0.00461,-0.20829,-0.39736,1.16511
-0.76301,0.69483,-0.13324,1.89164,1.73126,0.59344,-0.29967,1.38886,-0.46609,0.37919
0.59608,-0.77950,0.93332,1.46680,-0.77970,-0.72096,0.75945,0.40920,1.26577,1.30577
1.39724,1.63573,0.75533,0.86396,0.30446,-0.14606,0.83287,1.34245,-0.20891,0.73457
0.76319,-0.97477,1.35681,1.79842,-0.60528,1.96526,1.32275,1.85432,-0.14108,1.51784
-0.47947,0.81041,-0.65816,-0.94058,1.03817,-0.61896,1.67559,1.76503,0.08490,-0.00223
1.09134,1.50606,1.86024,0.57840,0.73080,0.42500,-0.70014,0.88812,-0.03244,-0.07994
0.91339,-0.56674,-0.30019,0.04570,-0.11425,0.29774,0.00277,0.75745,0.19002,-0.89343
0.85075,-0.52874,-0.31897,1.26531,-0.92554,1.84544,1.77929,1.81413,-0.13032,0.59232
-0.99216,-0.89084,1.16893,1.42485,1.84594,0.48396,1.61416,-0.74474,-0.73470,0.16773
0.59004,-0.72756,0.09509,0.63303,0.40213,1.92864,0.96190,1.20257,0.63266,-0.61006
0.24646,1.48138,-0.42148,1.52725,1.70996,0.37061,1.63959,1.05990,-0.09032,-0.09844
1.09889,-0.49997,-0.53961,-0.33984,-0.41909,0.73129,-0.72309,-0.16134,1.41590,-0.68829
0.80877,0.96195,0.88734,0.90992,-0.92034,-0.64973,1.41249,1.30926,1.18053,-0.03401
-0.44480,-0.30705,0.79637,1.04434,1.85071,1.64655,0.91901,0.62352,0.21132,-0.63721
1.83250,0.45487,1.17349,-0.89620,1.45132,0.80938,-0.73632,0.13847,0.73374,0.26333
-0.98634,-0.38539,0.74223,1.04386,1.28116,-0.45757,0.64988,1.36221,0.38589,0.99555
0.82476,0.11857,1.80057,0.09088,1.98400,0.71723,0.28533,-0.87599,0.02340,0.21329
-0.53264,-0.83899,-0.30155,0.72272,0.62096,-0.50396,0.51329,1.93794,0.27745,0.49166
1.19611,1.84774,1.76203,-0.68294,-0.82240,0.16781,1.75759,1.93382,0.98458,1.29695
0.10586,0.65819,-0.56144,-0.69525,0.05406,-0.57939,-0.17862,-0.18691,-0.69854,0.21099
0.99824,-0.01691,0.65839,0.94869,1.88093,1.23990,0.03974,1.91801,-0.66794,0.17501
1.00750,1.19579,1.83896,1.23878,1.03127,0.58790,0.49657,0.16566,-0.38064,0.47977
1.35350,-0.72127,-0.24367,1.30820,1.12758,-0.44683,-0.57859,-0.59984,1.56603,0.08796
1.87307,-0.25801,1.03445,1.23964,-0.06489,1.06564,0.90940,0.29874,-0.37881,0.14669
-0.85904,1.04450,1.83144,1.71905,0.21029,-0.36064,0.30445,-0.67788,0.37779,1.99514
1.15716,-0.86874,1.31124,0.51413,0.09720,-0.91278,-0.13023,1.29159,0.03192,1.64203
-0.50668,-0.36409,1.53605,0.88855,-0.34756,-0.64842,0.13456,-0.91908,1.92772,0.60628
-0.01420,1.24478,1.75256,1.77433,0.47651,0.04603,-0.52014,1.05523,-0.77597,0.73079
-0.92593,0.80941,0.95724,1.97799,1.54562,1.19367,1.51154,0.13282,1.05720,0.40298
0.70828,0.05090,0.34591,-0.86821,1.69780,-0.39326,-0.51149,1.32430,1.56224,1.99408
1.12104,-0.71954,1.18794,0.45969,-0.68725,0.41148,1.35822,0.32920,0.78694,1.60387
1.85467,0.31933,1.93310,-0.42713,-0.60744,-0.59190,0.22410,1.72764,-0.02879,0.75497
1.55904,1.60858,-0.95933,-0.71448,1.70656,1.09897,1.91968,1.80506,1.02125,1.37775
0.54600,1.99755,1.46532,0.01729,1.45822,1.23854,-0.08050,-0.56581,0.36291,-0.31889
-0.65562,-0.29519,1.60505,1.79850,-0.43406,-0.09693,1.33503,-0.29368,-0.82500,-0.68765
-0.75819,1.19289,0.06138,0.89740,1.65223,1.24860,0.21636,-0.54316,1.38553,0.19191
-0.24600,-0.22367,0.75294,1.15246,0.87711,1.97908,-0.09069,1.11716,1.08305,-0.69820
-0.72481,0.39898,0.70800,-0.19266,-0.84456,-0.86200,1.09619,-0.62231,1.44329,1.86515
0.30524,1.11637,1.76521,-0.77347,0.94728,0.45221,-0.06956,1.59874,-0.64807,1.52640
1.49651,1.65128,1.92817,1.03799,0.83199,-0.17724,-0.77233,0.51042,1.52277,0.91857
-0.08939,-0.22398,0.15136,-0.00537,1.77847,1.59819,0.11507,-0.35679,1.91458,1.48321
-0.82913,0.19623,-0.07681,1.85471,-0.89644,0.57813,0.33316,-0.74313,1.23558,0.23430
1.64178,-0.52914,1.10514,1.84270,-0.43849,-0.46722,-0.37460,1.76694,1.83678,1.42928
0.28748,-0.41978,1.86567,-0.58537,0.41033,1.13319,-0.08698,-0.92719,-0.65857,0.67672
-0.70868,1.33006,0.77066,-0.21437,0.25415,-0.36437,1.74749,0.05519,-0.39100,-0.06832
1.45412,0.77036,1.94290,1.98643,1.45339,-0.55944,-0.81876,-0.11269,-0.94753,1.51641
-0.38863,0.34834,0.26491,0.53789,1.03691,-0.67149,0.75365,0.73799,-0.64495,0.18873
-0.17526,-0.47142,1.34656,1.99563,1.96306,1.49111,1.76180,-0.53323,-0.63037,-0.37310
1.26113,-0.52499,0.17141,-0.65202,0.56081,0.19542,0.76811,-0.62220,-0.39550,1.05470
1.95448,0.17543,1.18887,-0.23283,0.54652,0.54068,0.82602,0.19591,0.24764,-0.67369
-0.99971,1.90785,1.42851,1.84011,1.06651,-0.69326,0.76881,0.56791,1.91505,-0.91302
0.85897,0.88310,1.94656,0.50501,-0.16462,1.55428,-0.39986,1.12449,-0.00020,1.36417
0.71611,1.67590,1.57483,-0.37971,0.56019,1.17293,0.03476,-0.47800,1.81764,0.70271
1.84425,1.27192,0.17039,1.53125,0.25426,1.90919,0.32953,0.94602,1.48001,-0.80762
-0.14914,0.24142,-0.24749,1.41541,1.28010,1.35555,-0.27163,-0.74174,0.31640,-0.43189
0.85969,0.81941,1.52551,0.52293,0.69438,1.04846,1.86608,1.67709,1.81266,-0.99268
-0.74028,-0.71438,-0.32067,-0.94238,0.73467,1.91939,-0.44522,-0.52670,0.66869,-0.98352
-0.70932,1.59201,0.69107,1.62880,-0.90735,0.57724,1.42752,0.34368,0.19438,1.60961
1.47024,0.65250,0.80562,1.46550,-0.47154,1.11889,-0.21661,0.04108,1.00973,1.69588
0.53775,0.00974,0.33573,0.13828,-0.01117,-0.05122,1.12521,-0.45197,1.31647,0.90323
0.38773,1.36823,0.22526,1.31562,0.70500,0.69183,-0.32394,1.28001,-0.19537,-0.21853
1.65512,-0.47657,0.66178,-0.61915,-0.04623,0.82527,1.85629,0.28294,-0.25253,-0.49228
-0.38532,1.40391,1.72308,-0.36692,0.62673,-0.88914,0.20328,-0.51589,1.47346,1.51564
-0.30286,1.56217,0.09623,1.07816,0.78643,1.29909,0.44870,0.74652,0.36363,1.96780
-0.36499,-0.84483,1.87551,-0.60256,1.98870,-0.99879,-0.88017,0.54365,1.64962,-0.64003
0.37647,1.19926,1.33842,1.87824,1.23462,-0.49107,-0.39138,-0.74422,0.75776,-0.07187
-0.77028,-0.37110,-0.15073,0.98762,-0.12788,-0.22395,1.29417,0.55550,1.81604,0.00100
-0.96497,1.52046,0.86797,-0.07821,1.95795,-0.26936,-0.18609,0.86023,1.29021,0.56377
1.60363,1.28744,-0.97131,0.33855,1.15181,1.63299,-0.95928,0.90166,0.87236,1.24641
0.05514,0.46094,-0.56992,0.93670,1.33594,0.16913,0.91830,1.51717,1.34409,0.68640
0.34805,0.86120,0.93472,1.43313,-0.25680,1.37586,0.34031,1.54295,0.68253,0.07135
1.24661,0.84051,0.34426,1.73749,0.72784,1.23725,-0.26761,-0.21048,1.62276,1.54704
0.36136,1.00838,0.29719,-0.07838,1.88167,-0.92283,0.58696,-0.10915,-0.57513,0.58158
-0.85121,-0.82095,0.50690,0.60649,1.45648,1.31446,1.46641,0.39661,0.45920,-0.37096
-0.80069,1.52132,1.38565,0.50522,0.63788,1.92960,1.48833,-0.74959,0.18784,-0.18099
0.95875,1.26538,1.00298,-0.69258,1.67097,0.05070,-0.62124,1.97635,0.99442,-0.29870
1.82690,1.90208,-0.96969,1.91064,-0.50724,-0.05859,0.09119,-0.97467,0.44600,0.72686
0.10807,-0.28072,-0.39310,1.63915,-0.99327,1.73523,0.81592,1.82041,1.31470,-0.25743
0.41528,0.25231,1.29116,1.46367,0.85198,0.35925,-0.50591,-0.07497,0.94304,0.46667
-0.56606,-0.48905,0.60421,-0.55629,0.52566,1.44372,1.38178,1.95958,1.72005,1.11284
1.14941,-0.38971,0.58125,-0.70002,-0.33637,0.09167,0.50858,1.38405,-0.99410,1.39247
1.88992,1.57574,0.40213,-0.94497,1.60822,-0.07796,0.47604,0.89808,1.18300,0.87918
-0.37818,0.73057,-0.15709,1.75937,1.20323,1.44400,0.09006,1.11768,-0.78830,-0.67859
-0.55148,0.97383,0.90474,0.43303,1.81395,1.00016,1.95794,-0.25936,0.91127,0.57347
-0.67679,-0.84908,0.78242,-0.77757,-0.75039,0.37097,1.88792,1.47872,-0.44947,-0.42735
-0.91093,0.92507,-0.75174,0.30715,1.61457,-0.04575,-0.54490,0.84972,-0.56163,1.77835
0.52823,-0.66454,0.07174,-0.08646,-0.90478,-0.33247,-0.22893,0.97901,0.91422,0.47557
0.90487,-0.95741,0.57224,1.13404,1.73258,0.42706,-0.87319,-0.92407,-0.44185,1.02956
-0.49019,1.11552,1.10969,1.70379,1.61473,1.00013,1.10719,0.37180,0.03521,0.30572
0.39798,-0.31609,0.57877,1.88287,1.65061,0.35470,1.85459,0.27553,-0.31814,1.89086
1.97614,0.74396,-0.49336,-0.64670,0.71733,0.21555,1.40925,-0.62745,0.58249,1.36308
-0.82865,-0.53383,-0.87780,-0.60308,0.87024,-0.88492,0.48186,1.64168,-0.42837,0.86305
1.84541,1.68177,1.61512,1.34935,0.51511,1.48765,-0.65437,0.86461,-0.34712,-0.57264
0.93261,0.96884,1.57060,1.45980,0.92287,0.81244,0.32583,-0.42349,0.51766,-0.74193
1.59337,0.06953,0.04956,1.67220,1.44152,0.48715,-0.10991,0.71801,1.98823,0.12240
0.90922,-0.57441,-0.28222,-0.91175,0.22697,-0.70607,-0.76606,1.59544,1.30316,-0.39815
0.88599,1.85527,-0.53489,0.92767,0.49721,-0.41440,0.97374,0.21841,1.50516,1.10686
1.39051,-0.61509,0.98430,0.18596,-0.92045,1.70511,1.99308,-0.72327,1.21767,0.92689
1.75755,-0.07870,1.06465,0.48729,0.87557,-0.62444,1.19478,-0.88753,-0.54328,1.02749
1.03477,0.00554,0.27017,1.10860,0.63199,0.84137,-0.57144,0.33412,1.70996,0.54773
-0.83892,0.74102,1.03609,0.43773,-0.37780,-0.82412,-0.77724,-0.89311,0.56564,0.94248
1.00549,-0.43616,1.87961,0.18768,-0.65913,1.55537,1.40190,0.61127,1.62714,1.68331
0.76188,1.28017,0.41665,1.65318,0.98220,-0.02762,0.52064,-0.47507,0.19968,-0.98350
0.80522,1.64889,0.64539,0.29818,0.85927,-0.36844,0.61557,-0.72032,-0.76302,1.56830
1.20817,1.49453,1.34504,-0.96800,0.02892,0.63314,0.23608,0.89099,0.12769,-0.57723
0.75457,0.73337,0.35976,1.30016,-0.68121,0.69193,0.25661,-0.88965,1.58202,1.50825
1.45773,1.23575,1.88395,-0.16857,0.36595,-0.16132,-0.93506,-0.97984,0.41052,1.21637
-0.51191,-0.16066,-0.76927,-0.62955,1.00076,0.33135,-0.06184,-0.00598,0.73703,1.31027
-0.11904,0.99646,0.99896,1.30032,-0.26311,0.43705,-0.91597,1.19912,-0.23246,0.03957
0.62419,-0.73527,0.84493,-0.27232,0.20290,1.81627,1.01984,1.92253,-0.04781,-0.33132
-0.89950,0.97045,0.51501,1.13337,-0.38550,-0.58777,0.27529,-0.82970,1.24855,1.99699
0.17368,-0.74519,0.78658,0.04244,1.45305,1.59343,0.52041,1.62059,-0.11530,0.08743
1.43335,-0.20023,0.35587,1.06130,1.98710,1.82547,-0.27447,-0.28195,1.83086,1.25639
-0.13257,0.44768,0.15135,0.60920,1.86701,0.85801,0.64828,-0.74934,0.70082,-0.77548
1.11990,1.62280,0.77689,0.00978,-0.51344,-0.53955,1.53923,-0.22794,0.30049,0.00721
1.73694,0.67046,0.33500,1.59037,1.81101,-0.52980,1.02626,0.19787,-0.73267,1.41320
0.24074,1.05404,1.55666,-0.64181,0.04279,0.88846,1.92381,1.40273,0.56261,1.84943
1.29427,1.55121,1.06554,1.99822,1.38478,1.28243,1.07080,1.15359,0.08191,1.13057
-0.78213,1.75862,1.31216,0.51556,1.40803,0.27203,1.99161,0.95528,0.19167,-0.11299
-0.01982,1.64669,0.70021,0.35486,1.79806,1.66020,1.63817,1.19861,0.43599,-0.84345
1.92066,1.90799,1.31997,1.55948,-0.17308,-0.24402,1.74756,1.15375,0.23211,0.34205
1.55100,-0.69193,1.34740,-0.71857,0.00391,-0.45726,1.90386,1.33925,0.58371,0.58673
0.33837,1.27451,0.03359,-0.67783,-0.73988,0.06297,-0.68295,1.54437,-0.86013,1.45760
-0.02448,1.53181,-0.31375,-0.54613,0.75886,-0.44767,0.80952,0.60001,-0.72044,0.71457
0.70804,0.69562,-0.99851,0.24728,1.03698,-0.80113,-0.97640,0.29091,-0.42499,-0.12585
1.80969,-0.93704,1.53888,0.13070,0.35769,1.84154,1.87050,1.20218,1.54529,-0.35345
0.70584,0.35220,-0.59753,-0.64099,1.98438,-0.23920,1.94677,-0.69714,1.86069,0.69378
1.45008,0.39591,1.01787,0.52716,0.00531,1.69052,1.69707,1.63276,-0.85907,1.75312
0.18566,0.93366,1.92204,0.44841,-0.29447,0.94137,1.15418,1.74367,0.40971,-0.88841
0.48693,0.12411,0.28537,0.28895,0.73430,-0.84344,-0.81022,-0.34131,-0.07131,1.85195
1.55591,1.73758,-0.56699,1.72829,1.99709,-0.33467,1.65957,-0.72125,0.32680,-0.24805
0.98507,1.61227,0.29745,1.69099,-0.77993,1.83509,-0.13656,0.13976,0.05407,1.15993
0.34545,-0.11253,1.58567,-0.49435,0.19222,-0.22547,0.14390,0.43742,0.87610,-0.18853
1.84218,0.77896,-0.21010,-0.98834,1.81967,-0.65326,-0.00865,1.89016,0.35973,-0.47371
0.08334,-0.20178,0.40465,0.80594,-0.26539,1.87350,0.85892,-0.58512,1.15016,-0.87392
-0.95037,0.45987,0.52014,1.64973,0.99707,-0.55095,-0.67210,1.27275,-0.97373,-0.86372
0.29811,1.71526,0.39199,0.46493,1.76814,1.25611,-0.78592,0.68945,0.83853,0.96585
-0.71746,1.85128,0.15625,1.82163,-0.18939,-0.28335,-0.92537,-0.63728,1.12489,1.10724
-0.31898,0.94608,0.47688,0.35408,0.41587,1.43137,1.22470,0.70714,-0.50289,0.20672
-0.91492,0.26330,0.96162,-0.30148,1.54531,-0.61749,1.59482,0.74782,1.05877,0.55770
1.19617,-0.45150,1.92015,0.32582,-0.49406,0.59497,-0.14769,1.03322,1.54679,-0.31087
0.88028,1.35012,0.95298,0.80896,0.12557,1.72943,0.12894,-0.71621,0.58888,0.23099
0.44804,-0.75195,-0.57128,0.95900,0.66898,-0.04548,1.91457,0.25988,-0.24143,1.03178
-0.90450,0.71804,-0.60271,-0.19599,1.39311,1.18049,1.17229,-0.13987,1.75718,0.87352
1.87444,1.01858,-0.80989,1.26743,-0.05827,0.61826,-0.08995,1.28125,0.11244,1.51571
1.55229,1.64402,-0.01848,-0.68397,0.47811,0.09662,0.74046,-0.98936,0.66668,1.47878
-0.43268,1.34472,1.11910,0.15264,0.83704,-0.08700,-0.96910,-0.15717,0.35863,1.30101
1.05817,0.00880,1.25747,-0.37438,0.64932,-0.83381,0.31120,0.35759,0.32809,1.87743
1.29799,0.10590,-0.24505,0.21883,0.14109,-0.12297,0.03396,1.32126,1.27912,0.83304
0.95482,-0.54128,0.63204,-0.78950,-0.27677,1.28899,0.04365,0.33926,-0.01405,1.21726
-0.53586,0.94380,1.40052,0.29240,1.09462,-0.80178,0.39201,-0.38164,0.40017,1.92418
-0.92983,-0.34499,0.24224,0.93220,1.39048,-0.55247,-0.81896,-0.63277,0.59259,1.81726
1.85312,-0.94258,1.08273,0.71006,0.83091,1.66141,1.55353,1.21174,1.63160,1.55633
0.84821,-0.64654,0.86639,1.60201,1.51610,0.08453,-0.89117,-0.97818,1.21955,-0.03636
-0.98871,0.73868,-0.29985,0.22719,-0.77737,0.58966,0.86697,0.94260,-0.16491,1.25220
0.76915,1.77588,1.57320,0.13425,0.83975,-0.51918,0.50815,-0.07977,0.43495,-0.28454
1.67954,1.78482,1.66781,-0.48422,1.24120,0.18274,0.23595,0.93086,1.07199,-0.20900
-0.28990,-0.74588,0.96112,0.13723,1.80407,0.90337,1.56368,0.87842,-0.21142,0.01297
1.77628,1.83416,-0.79460,1.35892,0.94750,-0.41075,-0.93098,-0.74345,1.91433,-0.19943
-0.47302,-0.14777,0.81263,0.18397,1.93000,0.71725,-0.73527,1.03137,-0.22380,-0.97137
-0.14894,0.06225,-0.69846,0.44095,0.45854,0.80445,-0.33966,0.49429,0.75812,1.67252
0.23305,0.36068,0.24840,0.85373,-0.69006,-0.20151,1.89463,1.54844,-0.91124,-0.43232
0.93772,-0.92442,0.85739,0.63057,0.19305,0.30062,1.60496,1.87022,0.61321,-0.55364
0.59946,1.06122,-0.07400,0.12927,-0.97056,-0.15027,1.68960,1.41117,0.44455,1.16449
0.15047,0.83615,0.21006,0.78308,0.16344,0.04396,-0.61111,1.52486,1.25162,1.01463
1.83562,0.15430,0.45947,1.71194,1.47437,1.40546,1.67824,1.68154,0.63154,1.91167
0.41403,-0.53803,0.31311,-0.90469,1.43230,-0.79373,-0.60291,-0.56034,1.87959,-0.08320
0.57514,1.58979,1.36602,0.20240,1.86432,1.71191,0.61063,0.47220,0.82864,-0.33465
-0.62060,1.29081,-0.50121,0.35088,-0.34310,-0.13702,0.61389,0.76478,0.75060,-0.97514
-0.80399,-0.33264,0.04690,0.80792,0.02447,0.22897,1.99891,-0.81219,0.91896,-0.14623
1.44050,1.53800,0.44158,1.47819,0.64004,1.62703,0.68683,-0.16621,0.18479,1.13463
0.58674,1.12514,-0.21007,-0.29897,0.32059,1.31879,-0.58215,1.77607,-0.59284,-0.47179
-0.32543,0.28425,1.59230,1.60328,0.54053,-0.92083,1.80259,1.32359,-0.14052,0.95551
-0.65237,0.67401,0.77822,1.10588,-0.24674,0.43618,0.88176,1.48549,-0.86148,0.69883
1.14338,1.65792,1.80259,1.00626,-0.58662,0.57844,-0.54650,0.42206,-0.77754,1.81236
-0.36435,0.50275,0.73730,0.63039,-0.31418,-0.94415,0.83598,-0.90571,0.79593,0.00456
1.00997,-0.06504,1.17285,0.99647,0.75133,1.16421,-0.98987,-0.92933,-0.50378,0.50163
1.53492,1.95284,0.68301,0.47679,1.28077,0.27296,1.18900,-0.94871,0.96512,-0.50860
-0.32570,-0.35094,0.43293,0.04956,1.57308,1.78144,1.38522,-0.35073,-0.28148,-0.61930
0.26599,-0.65449,-0.55529,1.06221,0.90013,-0.64525,-0.00363,0.47510,-0.70329,0.35223
-0.69166,1.03033,-0.51460,0.02181,-0.28641,-0.06548,1.37015,0.05246,1.36256,1.31401
0.99057,1.53286,-0.56923,-0.46133,0.35144,1.47005,0.18993,1.46825,1.18306,0.31465
-0.89135,1.92624,0.05579,1.61842,-0.23407,-0.58274,1.59756,0.07007,1.64786,0.42116
0.11092,1.41610,-0.45068,1.30774,-0.38952,-0.76546,-0.28002,0.91647,1.05338,0.72871
1.07517,0.74615,1.83342,-0.78517,0.13099,1.24135,0.33582,0.96070,-0.42638,1.99119
-0.53118,0.95438,0.49365,1.88560,1.99970,1.69144,1.90506,0.33158,1.21865,-0.46048
1.98850,1.35212,-0.33740,0.08090,1.20471,-0.01728,-0.95776,-0.58013,-0.49857,1.76254
1.54383,-0.47197,1.39494,-0.87341,0.10619,0.78825,-0.23933,0.66081,0.54917,-0.82484
-0.12813,0.10731,-0.96043,1.63403,-0.48341,0.66025,1.62156,0.58521,0.45582,-0.63356
-0.64511,-0.93195,1.65803,-0.34453,0.94356,0.48954,-0.51961,1.40186,-0.22121,-0.90847
-0.76196,1.13584,0.23254,0.40172,-0.76083,-0.14516,1.38725,-0.20020,1.37392,-0.47047
0.87403,0.09526,1.10344,-0.54512,0.61865,0.30440,1.41077,1.79239,1.57069,-0.50818
0.83913,1.91332,0.29685,1.84749,0.28481,0.24702,-0.41152,0.55705,0.59544,-0.82021
-0.73641,1.79092,-0.40479,-0.04400,0.59097,0.26263,0.70879,0.03033,1.84352,1.69291
0.39143,0.89645,-0.90491,1.57735,1.20484,-0.44872,-0.99026,0.44332,0.40995,1.36922
0.29587,1.61466,1.24637,-0.63879,0.26058,1.68417,0.70775,0.86111,0.35385,-0.05090
-0.99380,0.11079,0.63728,1.57296,0.97662,1.96193,-0.46061,1.26715,0.93289,-0.78527
-0.25837,0.79769,-0.70353,1.52086,1.70246,-0.70790,-0.83116,1.39431,-0.31891,1.74848
-0.00835,-0.44334,1.29879,0.21990,-0.87575,-0.51843,0.36249,0.13989,-0.43524,-0.84017
0.49999,0.91102,0.48826,-0.80100,0.12425,1.26125,1.98743,-0.60964,1.84723,1.58654
0.02830,0.88640,1.97642,-0.77563,1.33887,-0.09057,0.86880,0.17943,1.44056,0.68111
1.61462,0.81529,-0.24326,1.62761,1.97683,0.50538,-0.46393,0.42010,-0.09253,-0.61337
0.49678,1.91262,0.06374,0.74244,0.03437,0.16580,-0.80129,0.88835,0.83263,1.13851
1.98910,-0.88097,1.59305,-0.33419,1.63624,-0.05434,1.45210,0.26877,1.11397,0.15403
-0.38581,0.04478,1.21536,-0.73984,0.55642,-0.16901,-0.90456,-0.10591,-0.01263,-0.46184
0.09582,1.88563,1.92606,-0.26881,1.10072,1.92341,1.34862,1.94943,1.49640,-0.47897
0.06483,0.22459,1.26537,0.72193,0.36943,1.43817,-0.97203,1.59581,1.16059,0.43407
1.52329,1.34240,1.63497,1.33721,1.53254,0.74861,1.77683,0.66052,1.08457,-0.66321
-0.86474,0.02005,0.54432,1.64400,1.85085,1.04932,0.04149,0.94327,-0.06257,-0.20487
1.02711,-0.14509,0.66584,1.30771,-0.20964,-0.69786,0.45462,0.02304,1.77309,0.96101
-0.50974,0.41456,-0.21238,1.30920,1.53814,1.90161,0.31819,-0.89772,0.66048,-0.64030
0.36528,-0.93543,1.94790,0.23816,0.26776,-0.05011,-0.05823,1.37255,-0.13322,-0.04506
1.52071,1.23831,1.74531,-0.73098,1.05149,1.01012,1.88526,-0.47693,-0.82168,1.96747
0.10999,0.39399,-0.97670,1.00487,-0.52563,0.74540,-0.69242,1.01769,-0.23870,1.28626
-0.97555,1.10202,-0.14020,-0.04975,0.95098,1.56853,1.60412,0.59926,-0.27588,-0.39133
-0.72099,0.95164,1.27019,1.18726,-0.03661,1.42602,-0.17329,0.29539,-0.69954,1.14483
-0.03633,1.89252,-0.31372,0.70638,-0.28230,-0.23296,0.09632,-0.00997,-0.20524,1.44066
-0.73302,-0.98559,0.29267,-0.86349,-0.74198,1.78161,0.14177,-0.87024,1.00737,0.59911
1.07628,0.57600,1.03962,-0.38144,1.45490,1.39114,0.00964,0.37485,1.04469,0.51435
0.68717,0.76546,1.31541,-0.06242,0.23932,0.56045,-0.89169,1.81584,-0.55399,0.58452
1.47580,1.60754,1.61659,-0.40484,1.53921,1.11142,1.87926,0.05594,-0.99366,-0.32646
1.37300,0.95338,-0.57946,1.27002,-0.36367,0.14208,-0.17506,-0.32312,-0.96052,0.64330
0.00971,0.62187,1.15574,0.61472,1.64854,0.18940,-0.04370,-0.52440,0.88897,1.84463
1.57667,-0.13106,1.34448,-0.47228,0.65739,0.61000,-0.98471,1.67982,0.99086,-0.26030
-0.82110,-0.63355,-0.03713,0.42159,-0.77954,0.50234,1.91690,0.76652,0.78513,0.47686
-0.34806,-0.23987,0.62740,0.72221,1.58309,0.63965,1.57779,-0.58686,0.13500,-0.67674
-0.69600,1.78690,1.96161,0.08243,1.81968,0.00011,-0.36892,0.47218,1.98018,1.69289
-0.50882,0.87233,1.68345,-0.67680,0.79667,1.56957,1.34892,1.78092,0.37934,-0.21347
1.75916,-0.86581,-0.95481,-0.03460,0.41314,0.66270,-0.58368,-0.51858,0.91623,-0.96840
0.51049,-0.82866,1.25622,-0.09210,-0.07078,-0.05489,0.42402,-0.21467,-0.30948,1.76907
-0.55723,1.04600,0.09677,1.64842,-0.83795,1.88250,0.68040,-0.09656,0.39965,1.28230
0.01626,-0.61009,0.78096,0.45979,0.63588,1.27651,0.34136,-0.46270,0.74108,-0.65918
1.94525,1.12471,1.80420,-0.33916,1.74010,0.02584,1.40584,-0.51075,1.62638,0.58908
1.24207,1.20762,-0.66361,-0.96408,-0.82262,1.41814,1.61098,0.74873,0.81921,-0.77959
0.18100,-0.25298,0.20966,0.62681,1.37084,1.29010,-0.04398,0.88165,-0.97549,0.61110
-0.63020,0.27487,0.33302,0.35868,-0.41432,-0.50386,-0.26281,-0.66337,0.42911,1.08937
-0.01379,-0.26537,1.60456,0.14339,0.14418,-0.21163,-0.17519,0.82759,1.87519,1.01630
0.76841,-0.51770,0.52840,-0.46326,-0.48341,1.29682,0.90987,-0.74841,0.11743,-0.64215
-0.08715,1.30992,-0.12253,0.62645,-0.46966,0.76283,1.30938,-0.43502,-0.87022,-0.82305
1.73076,-0.42649,-0.82852,0.43704,-0.54381,1.67302,0.18940,-0.99838,0.45420,0.24040
0.23350,-0.29654,1.14724,0.91684,1.08838,0.83978,-0.50806,1.25299,0.90144,1.42588
0.79219,0.48670,0.52117,-0.32563,0.31156,1.88834,1.82180,1.19916,-0.62490,0.61163
1.64073,-0.36935,1.71878,0.04249,-0.65387,-0.14304,-0.68762,-0.14559,1.48711,-0.22522
-0.93837,1.37506,0.57919,0.95579,1.42530,0.09724,0.11352,1.87977,-0.86599,0.39240
1.46169,1.42908,1.15059,1.26206,0.54439,1.96965,-0.50819,-0.02681,-0.88021,-0.97086
0.00039,0.85655,0.29199,0.96927,0.46610,0.27440,0.10745,0.83236,1.40090,1.77670
0.18662,1.20009,-0.58031,1.69629,1.43446,-0.06580,-0.05900,0.05139,0.51071,-0.79642
1.30032,1.40362,0.19706,-0.49083,1.67080,1.22387,0.21793,-0.60050,0.81722,-0.81658
0.60769,0.89260,0.84219,1.34437,0.18379,-0.81702,0.98268,1.47977,0.51679,-0.60820
1.64509,0.37696,0.56010,-0.29792,-0.05318,1.29178,0.38764,1.78928,1.01036,0.80659
-0.93361,1.43542,0.91308,-0.45251,1.35855,-0.09150,-0.08952,0.62910,1.10710,-0.13944
1.18494,1.59641,1.70080,1.05944,0.64031,-0.52357,1.80787,-0.55242,1.39674,1.88076
0.26064,0.79650,0.08326,0.29205,0.87587,0.11572,-0.14943,0.74812,1.39762,1.79431
-0.12954,-0.92949,1.99380,0.92466,1.83511,-0.28775,0.61157,0.74137,1.07796,-0.56702
0.05082,1.78759,1.42289,0.47127,1.27156,0.19417,1.99893,-0.25517,0.48140,-0.02962
-0.10623,-0.30745,0.33761,-0.97694,1.32322,1.46684,1.06330,0.59763,0.02994,-0.63154
1.68010,-0.31176,-0.53480,-0.79736,0.76987,-0.76081,1.97471,0.53644,0.44476,-0.46512
1.21345,0.23755,-0.75384,-0.56192,1.25663,-0.65479,1.64137,1.97315,0.18577,0.94711
1.68458,1.20688,1.79575,0.61429,1.56463,0.34543,-0.73855,1.41284,0.21861,0.90887
1.47368,-0.29625,0.14845,1.38341,-0.84386,1.90408,0.14817,-0.32311,1.11052,0.94865
0.59311,-0.92829,-0.65754,1.01710,0.08336,1.90848,1.50502,0.40677,0.69635,0.62388
0.26939,-0.90232,0.23566,-0.13876,0.00266,0.68974,-0.26491,-0.60503,1.41623,1.64883
1.15889,0.45340,1.69180,-0.69486,0.59718,0.55087,0.07606,0.05807,1.48382,-0.49537
1.59838,-0.04988,-0.48204,-0.49628,-0.25186,0.52708,0.99940,1.30195,1.08782,-0.32852
0.94275,-0.39089,-0.69387,-0.81327,-0.82313,-0.81748,1.90688,1.08699,1.55409,0.14975
-0.16547,0.46230,1.11842,1.61846,1.00724,1.47348,1.88493,-0.24755,-0.27173,1.34801
0.95363,0.71626,-0.53349,1.53361,1.64988,-0.02270,1.76575,-0.66413,1.20789,0.08037
0.24003,1.73147,1.86731,-0.20445,0.89531,1.72081,0.03812,1.38697,1.80464,1.84050
1.63983,1.88191,0.75133,0.31508,-0.01862,0.96917,-0.58201,-0.94915,1.72586,1.61401
0.88068,-0.27322,-0.30056,0.72025,1.74634,-0.03054,1.85482,1.64176,-0.18214,-0.27178
0.55186,-0.84840,0.14212,-0.84802,0.26145,-0.07455,-0.13442,1.31285,1.49754,0.73447
-0.53835,1.10102,0.30330,-0.16666,0.03096,-0.22478,1.33497,-0.56643,-0.19389,1.63020
1.27573,0.19505,0.67105,-0.69351,0.22309,1.56960,-0.31878,1.25179,-0.85306,1.18103
0.25784,1.19599,-0.77029,0.71669,0.13787,0.53167,0.02300,1.18599,1.54221,-0.64942
0.18279,1.41932,-0.94458,0.56506,1.20578,1.78600,0.34738,0.61917,1.77289,1.92684
0.30009,-0.08862,0.07122,-0.92645,-0.81334,1.10109,-0.46050,1.31914,1.81429,1.66911
1.93672,1.89656,1.90656,-0.01482,0.82788,1.33441,0.01308,0.97717,0.78679,1.16570
0.47076,-0.15479,1.29485,0.37916,-0.91582,0.42302,-0.71848,0.43448,1.89626,1.32198
0.85559,0.86525,-0.00314,-0.63024,0.04497,1.63670,-0.36825,1.85646,1.41041,0.04197
1.88309,1.59083,-0.05795,-0.08164,0.68860,-0.66212,-0.70067,1.21670,1.06014,-0.36430
-0.75053,-0.98183,-0.29119,1.31404,1.72440,-0.60475,1.20517,1.03332,0.43647,-0.10369
-0.26659,1.92871,0.92097,0.21344,1.55521,0.21513,-0.93644,-0.55280,-0.87541,-0.95702
-0.43448,1.99047,0.39447,1.67180,1.63036,-0.37506,-0.47080,0.46228,0.82481,0.91884
-0.96371,1.49330,0.35146,0.49348,-0.60851,1.09606,1.97895,-0.17416,-0.60761,0.30457
0.96372,0.05724,-0.86601,1.52577,1.39952,0.66535,1.61465,1.72381,-0.20402,-0.17583
-0.16320,-0.99228,0.00111,-0.19069,0.56412,0.27791,0.95571,1.64274,-0.07497,-0.38602
-0.79970,1.44326,-0.59022,1.68563,-0.13765,0.14154,-0.76201,1.25166,0.84887,-0.86339
0.80069,0.14613,-0.05720,-0.27500,1.90598,0.59606,-0.09176,-0.75881,1.15628,1.50351
-0.73351,0.79263,1.40259,1.22761,0.21323,1.02585,-0.40900,1.34493,-0.32593,0.83856
-0.70104,-0.81249,1.46517,1.81904,1.29384,-0.52162,1.30137,-0.26683,1.18532,0.47926
1.09743,-0.06747,-0.28744,-0.19305,1.17811,0.21978,-0.56278,-0.16716,-0.90053,1.67630
0.30203,-0.06195,-0.51508,-0.95004,1.59492,1.91168,-0.96973,1.95092,1.09112,1.61560
0.83630,0.30700,1.45831,-0.01804,0.51463,0.93978,1.77543,-0.04470,0.69992,1.99626
-0.84640,-0.37556,-0.02977,1.48800,1.61572,-0.57270,-0.68754,0.96184,-0.79881,1.08708
-0.04047,0.43442,-0.43279,0.84495,-0.92488,0.63039,1.99238,0.39502,0.87124,1.51980
-0.57023,0.55968,0.23543,-0.24939,1.43615,-0.30540,1.62695,1.00514,0.20690,-0.39571
1.18015,1.54765,1.60961,-0.43323,0.97448,0.01714,1.76774,1.86739,1.85086,0.48284
-0.33168,1.46838,0.16620,1.12797,0.44867,0.05040,1.26080,-0.42170,1.96620,1.66958
-0.96586,1.69986,0.05041,1.70489,-0.79813,1.12726,-0.77515,0.97511,1.29445,-0.94632
1.40737,0.74289,0.91512,-0.40878,-0.06979,-0.54373,-0.70623,0.87943,-0.76974,-0.59657
1.80695,1.73288,1.47257,1.10780,0.89335,0.08931,-0.14809,1.60180,1.79691,-0.59014
1.50957,-0.58875,1.87476,0.83305,1.42290,1.52142,1.38268,-0.91714,0.17714,1.66385
1.39145,0.79555,1.78622,-0.76969,-0.13028,-0.03152,-0.64560,1.15320,-0.16064,0.34274
0.25977,1.39083,0.95109,0.06840,0.27525,1.21423,-0.29794,1.24601,1.25935,1.18894
0.53777,-0.06092,-0.32720,1.91517,0.72077,1.54570,1.47138,-0.47155,1.21826,0.59523
-0.45896,0.28358,0.64555,0.56869,-0.21831,1.35977,1.24984,1.07703,-0.76655,-0.52659
-0.70090,1.00053,-0.14341,1.56178,0.43471,-0.18551,-0.11863,-0.51202,-0.95170,0.55898
1.70271,1.15032,0.89015,-0.33659,0.56575,-0.74262,1.29107,-0.23836,0.30838,1.14767
1.05341,1.02326,0.51365,0.03455,-0.37347,-0.78592,-0.35848,-0.26317,0.92702,0.72963
1.33813,1.05210,0.15144,1.06605,-0.66375,1.84660,0.20728,0.37844,-0.56244,-0.76946
0.22797,0.92334,0.62400,-0.63190,0.37133,1.36593,1.36828,-0.88729,-0.32103,-0.86539
-0.46989,1.12603,0.98807,0.62961,-0.96066,-0.29798,-0.43389,1.93703,0.02303,0.97155
1.75020,1.45528,0.60335,1.70277,1.73172,1.80258,-0.46782,0.33097,1.75480,-0.46532
-0.24324,1.07821,0.72918,1.78971,-0.58111,0.99690,1.25282,1.53710,-0.12343,-0.10416
0.88040,-0.49985,-0.47265,1.94692,-0.13990,1.09757,-0.15470,1.39237,0.47382,-0.23767
-0.95602,-0.19632,0.80325,-0.54715,1.81033,-0.72355,0.26798,-0.56510,0.81809,-0.53844
0.60067,0.05811,-0.66800,1.81938,-0.51591,0.38139,0.16761,-0.21718,-0.38289,1.60642
0.77723,0.96704,1.16867,0.66102,0.04370,0.49219,1.31929,0.46736,0.42985,1.93541
-0.66025,-0.35447,0.18053,-0.22248,1.64988,-0.61608,1.66094,0.18600,0.84883,0.29004
1.98403,1.01287,0.57713,1.76821,1.61788,-0.61293,1.57340,1.85497,-0.04165,1.87644
0.10731,-0.71230,-0.07318,0.23532,0.88853,-0.04200,1.59702,0.85982,1.98540,0.04894
-0.96358,-0.33353,0.26730,-0.59465,1.67985,0.04626,1.01880,0.20670,0.18950,0.46354
-0.42578,1.98324,0.08891,-0.13758,0.05001,0.23277,-0.32173,0.51117,-0.52648,0.38807
1.24795,0.24106,1.43012,0.15814,1.36746,1.85390,0.06859,0.92380,-0.69172,-0.53804
0.99626,1.86021,0.21883,0.67796,1.46451,1.57895,0.51402,-0.43266,0.33320,0.04806
0.58090,1.79441,1.54621,0.73055,-0.93124,0.78570,1.21041,-0.78308,0.50709,1.86090
-0.66568,1.62126,0.35471,-0.04894,0.33790,-0.93351,1.52035,1.04088,0.83473,1.05635
0.93818,-0.90275,0.29210,0.21039,1.51006,0.02717,-0.01173,1.76221,1.28605,-0.18407
1.55631,0.92525,-0.08741,1.89822,0.01750,0.40925,0.07391,0.26366,1.28238,0.22822
0.06603,-0.02704,1.42411,-0.91824,0.01083,1.89046,-0.51422,-0.48992,1.08748,0.75538
-0.76974,1.73321,-0.99663,0.73967,-0.49373,-0.58732,1.64193,0.19119,0.05127,0.80807
1.96526,-0.88591,1.71191,0.84417,0.11290,0.46625,0.89830,-0.22718,1.56299,-0.51327
-0.12103,0.95448,1.00006,-0.19117,-0.98941,1.58918,-0.98770,0.14872,0.91979,0.14321
-0.15620,-0.56926,0.59990,-0.83405,-0.90277,-0.35724,0.33189,0.09241,1.92958,1.55681
0.82599,1.97407,1.54827,1.02989,1.76799,-0.86245,1.20586,1.48918,-0.76640,1.70648
-0.79183,1.11004,0.16022,1.30170,1.60711,-0.23946,1.20794,0.89297,0.35741,-0.71612
1.56865,-0.54362,-0.29764,-0.99796,0.24034,0.22923,-0.71748,1.07579,0.25374,-0.39463
-0.79725,1.94825,0.82312,0.14473,1.41846,-0.66133,1.25314,0.75933,1.69142,1.03416
0.47506,0.44896,1.94364,-0.57834,0.56331,1.73428,-0.43094,0.82343,1.94583,0.22698
1.59500,0.90065,-0.31422,-0.64526,-0.84784,1.06544,1.36386,-0.25317,-0.24927,1.85176
1.77512,0.25378,-0.78452,1.70308,-0.36390,0.55949,0.10827,0.46460,0.94160,1.99853
1.86877,0.23548,1.21611,-0.55710,1.90469,0.42851,0.93265,1.95927,0.45758,1.94012
-0.25079,1.65291,1.66092,-0.17358,-0.11626,-0.34375,0.99085,1.33138,0.22731,0.14549
0.86159,-0.72927,1.53720,-0.60505,0.86975,1.42380,-0.12859,1.25672,0.72705,1.41304
0.05889,1.86996,0.31396,1.91181,1.68394,-0.55066,0.69401,0.82439,-0.54937,1.76678
0.04935,-0.58348,-0.48427,0.14250,-0.98290,1.48887,-0.25504,-0.92708,0.66501,0.26731
0.98233,0.09421,-0.64786,-0.13433,1.79909,-0.20805,-0.39061,0.20016,1.82980,-0.56060
0.84655,-0.23969,0.05174,-0.60763,-0.83658,0.93951,0.66305,-0.42539,1.78083,-0.71613
1.26598,-0.80097,-0.99074,-0.23931,0.33912,0.11007,-0.01863,-0.66138,1.63701,0.31114
1.47005,1.33672,-0.29592,-0.50747,-0.80919,1.28872,-0.72915,0.23120,-0.31296,1.05431
1.69124,-0.34091,0.33453,0.15517,-0.24069,1.88958,0.32652,0.45245,1.97812,0.48135
-0.96047,1.50346,-0.07497,0.27777,1.40800,0.23165,0.78831,-0.98070,1.82801,0.46920
0.88157,1.03824,1.35308,1.52934,0.43452,-0.22554,-0.20829,0.69174,-0.51195,-0.51761
1.81352,1.82865,0.23773,-0.12411,-0.07042,-0.63931,1.19502,0.11188,0.18050,-0.33851
1.92582,-0.67752,-0.63290,0.86329,0.66922,0.20326,-0.16361,-0.13235,-0.46043,0.84547
0.88827,1.77421,1.63653,1.53518,1.70386,-0.40450,1.72138,0.24693,1.65564,0.28641
1.57449,-0.12937,-0.35485,1.94512,1.47828,-0.77934,1.78619,0.63908,1.13980,0.97183
0.77044,-0.37140,0.12454,-0.17131,1.01950,-0.04696,1.31442,0.61126,-0.95341,-0.47397
-0.54624,0.77659,1.81644,0.35074,1.13044,1.08531,1.88244,-0.64335,0.56114,0.55479
1.74953,0.18342,-0.38736,-0.25826,1.98516,-0.35913,1.91518,1.10188,-0.84814,-0.78849
0.21873,-0.32653,1.16891,0.87698,-0.65662,-0.61290,1.54477,-0.25042,1.04133,1.45528
0.28719,1.01252,-0.33997,1.78591,0.52670,1.58241,0.01327,-0.08960,1.35480,-0.80411
0.29443,0.68309,-0.21231,0.63493,1.37066,-0.87177,0.21446,1.00389,-0.93342,0.28896
1.33714,1.61102,0.13294,0.62856,1.33008,0.15232,-0.22494,-0.06999,0.86676,-0.45140
-0.63146,-0.40015,0.50353,0.96147,0.66434,0.36005,0.34294,0.02642,0.82743,1.02618
0.48104,1.44885,1.93801,1.27384,0.07722,-0.38827,-0.09851,0.92011,1.78416,0.35693
-0.73604,0.50822,0.37644,1.07733,1.34815,1.57194,0.54719,1.14934,1.28084,1.77330
-0.14573,1.52244,0.18791,0.94637,0.60203,1.77357,-0.99510,0.37068,1.19693,0.47017
1.95298,1.27477,0.92866,0.80723,1.96735,-0.43788,1.52469,0.55320,-0.00647,-0.37481
1.59774,0.64047,1.14435,1.87671,-0.20235,0.67518,1.82047,-0.41511,0.07748,1.13436
0.52324,-0.90933,1.54886,-0.69261,1.78674,-0.26409,0.86003,-0.39584,0.28636,1.20317
-0.93281,1.65824,-0.01929,0.06405,-0.87422,1.81499,-0.69574,1.74442,0.51279,1.16858
1.35770,1.62247,1.44406,1.80341,1.25753,0.54324,-0.20818,0.67896,-0.22174,1.31322
0.05535,0.10206,0.58343,0.72413,1.73205,-0.80595,-0.84271,0.05222,1.45290,1.12459
1.94216,0.52991,-0.23148,1.18716,0.52852,1.70217,0.58480,0.72633,1.06248,1.60852
1.13618,1.98788,-0.54855,1.49657,1.96183,-0.06153,-0.76410,0.73917,1.31240,1.39920
0.80745,-0.61758,0.34892,0.00679,0.51626,1.75241,1.83263,1.02790,0.24917,-0.93778
0.14100,1.98749,0.64757,0.29382,-0.56973,0.18021,0.17625,1.78080,-0.67632,-0.49922
-0.78392,1.80577,-0.39913,-0.43415,1.09706,0.09579,-0.01383,0.23352,0.42191,0.70602
1.00817,1.80921,-0.70218,-0.26458,0.17751,1.17475,-0.90001,0.33971,0.98693,1.38872
-0.99403,-0.20327,1.19823,0.79192,1.76614,0.29274,1.66451,-0.65142,0.48822,0.96755
0.55263,0.60780,1.52840,1.03429,-0.55593,-0.53064,-0.66261,1.89158,1.38558,-0.18666
-0.59791,0.00049,1.54815,0.25437,1.59287,-0.70624,0.52421,-0.04423,-0.87869,1.07032
1.14671,-0.78739,0.44678,-0.77649,1.16978,1.91952,1.00256,0.10949,0.05142,-0.94304
-0.81151,1.23248,0.82391,0.23750,0.26294,0.96616,1.41476,1.51865,1.46772,1.15041
1.35457,0.16170,-0.66443,-0.91969,0.29394,0.17086,0.44893,-0.93698,0.45421,1.38165
-0.26704,1.11932,-0.17325,1.40876,0.67489,-0.83333,0.75639,1.54691,0.87454,1.26193
1.81940,0.49646,1.73283,-0.13123,-0.34785,1.33218,1.71078,-0.38536,1.46333,1.89304
0.70955,1.05107,0.22109,0.81518,1.33426,0.12586,0.98476,0.50582,0.40027,-0.00847
-0.88247,-0.68469,-0.02639,0.76503,0.14131,-0.21083,1.33239,1.52198,-0.39831,0.74683
0.55744,-0.95681,1.62767,0.34674,-0.28264,1.75822,0.72394,1.75517,-0.28106,1.83592
1.03674,1.29701,0.21093,-0.85598,0.84561,-0.47427,1.20176,-0.91087,-0.78639,-0.04465
-0.05650,0.54425,-0.06886,0.14471,-0.50308,0.40358,-0.38183,0.00934,1.80796,-0.01504
0.46669,0.69593,0.39292,0.29086,1.56736,1.88886,1.13224,1.62637,-0.77423,-0.77203
0.83703,0.36670,0.53536,1.24500,1.71702,-0.72000,0.35759,1.88154,1.21085,1.04722
1.27185,-0.40247,1.69565,0.40587,0.15607,1.77131,-0.37716,-0.44864,0.08184,1.69712
1.65062,0.72855,0.29022,0.82382,-0.59236,-0.34840,0.46799,-0.33906,1.64880,-0.07787
1.17396,-0.28824,-0.94372,1.00157,1.12280,-0.84276,0.85712,0.02116,-0.51542,1.59151
0.18605,1.73507,-0.91406,1.50490,0.53059,-0.80951,0.16208,-0.77480,1.69214,-0.84114
1.05419,0.11840,1.71705,0.42430,0.07310,-0.35660,0.13460,-0.24897,0.09440,1.08777
-0.27043,0.29491,1.20420,1.95302,0.20448,0.83561,0.88205,0.60696,0.59635,1.26121
-0.51823,0.00694,-0.94964,1.47325,0.50940,1.71688,-0.79702,0.82023,-0.18128,-0.64780
1.91593,-0.96993,0.83909,1.76212,1.93525,-0.27018,1.37322,1.82961,0.19482,1.42382
1.11982,1.00325,-0.34361,0.77740,0.10326,1.30098,-0.10932,-0.04768,1.45929,0.44621
0.90847,-0.90552,-0.84067,0.37024,1.22170,-0.13677,0.25485,0.38867,0.20833,1.32302
0.93062,1.48588,0.58304,-0.37774,1.45245,1.48201,1.54591,-0.18361,0.21753,0.50642
1.21834,0.68859,1.53100,-0.79384,0.00517,0.95554,-0.09796,-0.42518,0.82158,-0.57094
0.42638,1.90481,0.90694,-0.04496,-0.66407,0.38608,0.39864,1.70085,1.02423,1.09081
0.69015,-0.81513,0.37961,-0.70748,0.44548,0.22728,0.20293,0.60769,-0.92435,1.67871
-0.11978,1.92777,1.48247,-0.50394,0.89699,0.67281,-0.31735,-0.38938,0.43035,1.83462
0.87320,0.50381,1.00620,1.69040,-0.12236,1.90284,1.91948,0.17289,-0.02172,1.00683
-0.33306,0.81308,-0.41815,0.56621,-0.58613,0.49079,0.86181,-0.04245,0.39266,-0.24603
1.64319,1.68316,0.17665,0.72636,0.79682,-0.47565,1.03696,-0.21871,1.37017,0.05302
1.28511,1.73513,1.75755,1.78789,1.43766,-0.31647,-0.35535,0.75748,-0.55957,-0.00747
1.30971,1.90445,0.03887,0.82508,-0.26534,-0.81686,1.92463,0.63380,0.53273,-0.96042
1.44346,-0.92233,1.49413,1.60320,-0.62252,0.01615,1.81608,-0.86491,0.81092,-0.28268
0.33285,0.75604,0.54820,0.48495,-0.27434,1.11130,-0.60908,-0.10900,0.70604,-0.47126
-0.60974,1.36991,0.29578,0.17497,0.52782,-0.05312,-0.97773,-0.91287,-0.11680,0.55547
-0.88323,1.29494,1.96662,0.80847,0.01626,-0.03920,0.05667,1.46598,0.12344,0.80493
0.90386,-0.75538,1.17756,1.81643,-0.01401,0.72917,0.45599,1.23052,1.58820,-0.65733
0.73711,-0.83180,0.09245,0.91263,1.48738,1.48140,1.83326,1.16058,0.14288,-0.90497
1.66503,-0.89249,0.15592,0.35730,-0.47591,0.84093,1.56337,-0.38309,1.03897,0.70382
1.63553,-0.55842,0.43659,-0.00966,0.08250,0.37440,-0.66293,-0.95782,0.00439,1.49503
1.88377,0.80646,0.30137,0.24468,1.13917,1.14865,-0.91353,0.71105,-0.72541,1.60104
1.97801,-0.30615,0.28069,0.91086,0.71836,1.16961,-0.66121,0.83071,-0.80094,0.34518
-0.27173,1.21576,-0.26952,1.51929,0.68198,-0.30630,1.23388,-0.59103,-0.14421,0.45911
0.21031,1.42580,0.87155,0.16882,1.17727,0.25452,-0.03734,0.90545,1.54969,-0.43511
1.40930,-0.09364,1.82735,-0.54921,-0.87329,0.83622,0.14353,0.90704,-0.60481,-0.82502
0.02597,0.72242,0.71044,0.41425,1.96998,0.20954,-0.01588,1.83284,-0.08728,1.20169
0.74781,-0.46883,0.56900,0.98590,1.77278,-0.34446,1.30734,-0.96770,-0.13082,0.01171
0.95720,-0.29845,-0.95469,-0.20989,0.66267,-0.25391,1.37973,1.34791,-0.34765,1.97573
0.25067,1.74166,-0.24045,-0.13454,-0.10939,0.01394,0.32133,1.16771,-0.32089,1.05205
0.33998,0.11846,1.89383,0.22024,0.11243,0.48898,-0.44839,1.57284,-0.44654,-0.33121
1.73314,0.91938,-0.78734,0.12882,0.85673,-0.07850,0.79419,-0.15829,0.61458,0.45834
0.97771,1.86656,0.82698,0.82205,-0.34334,0.31490,0.74354,1.68129,0.27651,1.27791
0.68854,0.88690,-0.14233,-0.91470,1.14655,1.14108,-0.16337,-0.28564,-0.86225,0.93296
0.69901,0.61411,0.87870,1.90464,0.24223,-0.19585,-0.88736,1.92398,-0.03702,-0.75554
0.90751,-0.09421,0.11541,0.71909,1.52465,1.11634,0.23711,1.96360,-0.05804,1.45163
0.44785,1.50725,-0.71807,-0.36414,-0.28079,-0.28546,1.70125,0.38534,0.13145,-0.95454
-0.61917,0.01733,1.77542,1.59855,-0.72400,-0.81011,-0.34962,0.47825,0.71326,0.67163
-0.43197,0.51605,1.27025,0.94242,-0.48823,-0.88407,0.34377,0.72823,-0.66304,-0.07671
-0.28738,1.23180,0.73821,0.41160,1.50596,0.16217,-0.98095,1.02575,0.84956,-0.70722
-0.26529,-0.95799,1.76968,-0.29434,-0.60445,0.11829,1.34083,0.21790,-0.97975,0.60292
0.78310,1.63070,-0.50843,0.39630,0.06738,0.27862,1.82566,0.55855,-0.11854,1.69830
-0.17523,0.61978,1.48006,-0.49596,1.83047,0.82161,-0.71077,0.65082,1.90198,1.29843
-0.00345,1.33416,0.49913,-0.93835,-0.83961,1.93821,-0.96315,1.36100,0.04256,-0.25485
-0.87554,0.73036,1.66707,0.20577,1.03079,-0.72389,0.79497,1.94448,-0.10490,1.16114
-0.66909,0.79150,0.57532,1.14583,0.03083,0.59968,-0.15884,1.20429,0.31361,0.70307
1.02735,0.08059,0.30468,-0.77495,1.52651,1.18142,1.68200,0.20177,0.83607,1.43276
-0.20198,1.03091,0.46340,0.16141,1.82463,-0.56262,-0.17158,0.93294,1.36380,1.60636
1.58333,1.16296,0.21421,1.87521,0.73443,-0.48199,1.61546,1.46276,-0.06591,1.12870
-0.51919,0.74732,1.63922,-0.04409,1.34570,0.21258,-0.29359,1.67186,1.14224,1.59954
-0.99497,-0.07525,0.12892,0.10541,-0.67968,1.53962,0.30500,0.94970,1.03339,-0.92553
0.23050,1.56048,-0.33080,0.96431,0.12042,0.86969,1.31844,1.27816,0.58160,-0.55138
-0.34464,0.43782,0.38183,0.52393,1.58222,-0.93825,-0.02735,0.66776,1.77211,0.91035
-0.41126,0.77692,0.31117,-0.73675,0.59563,1.65977,0.84151,1.97146,1.01628,1.62883
1.74342,1.71148,1.30495,0.16498,0.99348,-0.04355,-0.06652,1.85678,1.33038,0.53575
1.16514,1.61845,0.90890,-0.49328,1.40574,-0.58494,1.93910,0.47043,-0.49717,1.50286
1.95203,1.62352,1.49240,-0.24615,1.07589,0.31434,-0.38253,1.80757,1.95179,0.52934
0.23190,-0.76387,1.37932,-0.51744,1.41194,-0.70578,1.69293,1.27591,0.51590,1.02740
1.68027,0.74285,0.90810,0.16098,-0.36130,0.78802,-0.48720,0.72981,0.26316,0.31753
0.22434,1.60798,0.76668,1.86813,0.77360,1.45063,-0.48412,1.80982,1.09841,0.03084
0.55137,1.46727,-0.20303,0.78198,0.14419,0.13248,0.31592,1.73443,1.32455,-0.22884
-0.06585,1.93155,-0.07801,0.57891,0.46978,1.46229,-0.98689,0.70158,1.33781,1.90313
1.75912,-0.99924,1.52569,0.75430,0.22894,-0.59984,0.96242,0.56863,0.38456,0.19697
-0.82263,0.42588,0.17299,1.93326,-0.56847,0.28027,-0.46652,0.03601,-0.25534,-0.24687
-0.94097,1.31496,0.12224,-0.77957,0.35630,1.11845,0.87235,1.86660,-0.54392,-0.11925
0.08984,0.88644,1.59363,0.39897,-0.29163,0.58276,-0.37192,1.53546,1.12001,-0.92680
0.45720,-0.66467,-0.04723,1.78494,0.97560,1.26196,1.22730,-0.22327,0.37783,1.13066
1.79082,0.60462,-0.58911,0.23041,0.78510,-0.33819,0.00752,0.25532,1.18745,0.98085
1.55577,-0.41345,-0.81412,1.06708,0.94539,1.20593,1.56539,1.88906,1.26880,-0.51791
1.02942,0.78775,0.80301,1.69470,1.14384,-0.87335,-0.66294,-0.43581,-0.87675,-0.09342
-0.83774,1.09750,0.33810,0.44449,1.78529,-0.06157,-0.76952,-0.66779,1.66559,1.11547
-0.02987,-0.73870,0.64821,0.87563,0.15898,1.62269,-0.51384,0.41018,0.29171,-0.18731
0.49565,1.81582,0.53178,-0.07325,0.42521,0.18895,1.97195,0.38601,0.77883,1.39167
1.68824,1.68268,1.98087,-0.44983,0.91312,-0.03743,-0.62000,0.86923,1.61344,1.78039
1.65122,1.47225,1.12187,0.20698,0.70206,1.96219,0.30018,0.10172,1.68111,0.99864
-0.33978,0.29610,1.50559,-0.41272,-0.14815,-0.43358,-0.23086,1.76085,-0.39480,0.78033
1.87633,1.79400,-0.95994,0.53678,1.50539,-0.83528,-0.28982,-0.50485,0.62768,0.09413
0.05446,-0.60838,1.31367,-0.11092,-0.47880,0.56471,1.52198,0.58495,1.29143,0.14315
1.67662,0.11940,0.58709,1.16944,0.54444,1.09248,0.89196,-0.07274,-0.17314,1.16302
-0.15667,0.15894,-0.71153,0.24635,0.99769,0.27995,1.88697,0.74467,-0.14634,1.93640
0.94386,0.51325,0.86553,-0.19118,1.34829,0.35179,0.92391,-0.01883,0.17025,0.94541
-0.54243,1.49405,1.03880,0.16957,-0.94599,0.06177,-0.44749,0.25884,0.68351,1.49529
0.75804,1.36380,1.08871,1.12741,1.87698,1.81598,-0.65227,1.32354,-0.48413,0.80744
1.27223,1.79144,1.90190,1.91273,-0.46580,1.05341,0.11231,-0.92450,0.25650,1.06365
1.68762,1.32908,1.93276,1.24246,-0.19081,0.87665,-0.47606,-0.14645,0.08498,-0.81242
-0.27309,-0.01080,1.36621,0.43528,1.27785,0.32562,-0.65923,0.63628,1.14752,1.87166
0.44082,1.40589,0.63239,0.74495,0.88622,0.73876,-0.24173,1.45169,-0.87625,-0.28597
0.93596,1.10299,0.53171,1.16656,1.96995,1.24734,1.32339,0.18366,-0.05229,0.37626
1.39797,1.90953,1.37548,0.71372,0.68968,-0.57887,1.72850,-0.15923,-0.07853,-0.18937
-0.66034,0.89721,-0.10477,-0.97786,0.88914,1.59575,-0.89658,0.93959,-0.03451,1.36337
1.00209,0.69791,1.40795,1.96607,-0.19785,1.68147,-0.66870,1.93500,-0.72235,1.44538
0.26093,1.85024,0.35201,0.32761,0.63236,0.59436,1.70238,0.33085,0.25019,-0.68157
-0.63250,0.98023,0.72891,0.63289,1.69696,0.49704,-0.76283,1.69687,-0.08210,0.44323
1.86168,-0.13026,0.75704,-0.76484,1.03527,1.36739,0.59042,0.36696,1.75930,0.90685
0.40501,1.41391,-0.33076,0.35640,0.68878,0.56029,0.35479,1.71965,0.01152,0.60587
-0.50321,0.74109,1.51750,0.57387,-0.58843,-0.84962,1.54081,0.90119,-0.03930,-0.10812
1.88108,1.44062,1.86328,1.92194,1.31285,0.01817,1.45818,-0.74168,0.99425,-0.60812
-0.33684,0.52471,-0.57440,-0.97951,1.47957,1.61883,0.10308,0.65507,-0.58137,0.06972
0.67965,-0.56490,0.31955,-0.07803,0.97724,0.46285,1.92413,0.12308,-0.09926,0.01736
0.74399,-0.91236,-0.65415,1.99285,1.15775,0.93693,-0.82450,-0.85708,1.35922,0.04348
0.90545,0.18408,1.45831,0.70668,-0.18763,0.41746,0.03127,0.98849,1.31422,1.00593
0.75863,1.67815,0.23131,-0.76704,0.07601,0.48909,-0.19037,1.32010,1.34393,0.17529
1.77801,0.22720,1.45083,0.75499,-0.00035,-0.52800,0.90981,1.20198,-0.85672,0.62110
-0.65826,1.96643,0.27040,1.24989,-0.02868,0.64291,-0.78231,-0.26509,0.04869,0.50419
-0.74180,0.10806,1.27342,-0.76129,0.36346,0.01210,-0.86038,0.87116,-0.45407,1.35986
1.43538,0.83282,0.77397,-0.05136,1.64407,-0.93693,-0.55999,0.48028,-0.21117,-0.92087
-0.89692,1.47450,-0.72360,0.95506,-0.02766,1.51050,-0.22308,1.17802,-0.74708,-0.75562
1.07814,-0.93636,1.77017,1.46878,1.46459,0.53718,1.12777,0.68359,0.96163,0.25303
0.41263,1.04212,-0.60192,1.81536,0.24701,-0.48525,-0.13448,0.90433,-0.41074,0.31303
1.78675,0.35031,1.61057,1.41150,0.01574,0.98604,-0.16037,1.54712,0.26060,-0.38085
0.90335,0.34571,1.65847,0.28445,0.14083,1.98052,-0.57664,0.22967,-0.61595,-0.50980
0.39399,1.52427,0.88017,0.32560,-0.28472,1.75079,-0.30008,-0.96619,0.06229,1.52277
1.29511,0.86450,0.90117,-0.96615,0.96958,1.71136,0.65007,0.27999,1.21890,-0.53172
-0.60927,1.49220,1.25827,0.75814,1.45370,-0.92169,1.22567,-0.94366,0.49299,0.42240
0.50012,0.41129,1.12765,0.67570,1.37550,-0.51817,1.43344,-0.06563,-0.55991,-0.84797
0.27537,1.31849,1.81775,0.99321,1.17613,1.70702,1.78770,0.91702,0.20224,1.33074
1.34810,1.25641,-0.69123,1.93343,0.05522,1.92945,-0.68955,-0.07683,-0.42976,1.56489
-0.09224,1.08857,1.49192,0.16382,0.64579,0.46413,1.23678,-0.03100,-0.69390,-0.99494
1.92743,-0.42575,0.54453,0.10933,1.11063,0.10172,0.82069,0.97605,1.54474,1.96014
0.21569,-0.21330,1.95733,-0.94341,1.83182,1.51338,1.09366,1.24079,-0.88541,-0.14773
1.26252,0.77655,-0.09718,0.56367,1.40787,-0.95567,1.64581,-0.30985,0.62840,-0.37544
0.95212,1.00425,1.54899,-0.41825,-0.22509,-0.16355,1.33087,-0.03533,-0.95824,0.20769
0.75082,1.63559,0.28572,-0.88640,0.24802,-0.29986,1.19462,0.99746,-0.06383,0.76065
-0.44417,0.77179,-0.45842,1.57094,1.95998,1.60941,0.97374,-0.76533,-0.08602,1.17166
0.45392,1.43238,-0.43363,0.83777,-0.55190,0.99427,0.21057,0.22599,0.77523,-0.25856
-0.08762,0.81827,1.01379,1.08867,-0.65305,0.98221,1.45749,1.66527,0.75809,0.36555
0.59764,-0.78833,-0.02730,1.48828,0.36149,-0.94525,0.54943,-0.34856,1.78412,1.63334
1.72694,1.06060,0.88480,0.60291,1.80060,0.40388,-0.32780,1.85449,-0.66261,0.07144
0.14950,-0.13656,0.20437,-0.44592,0.59138,0.57880,1.47209,1.81287,0.16946,1.25751
1.50732,-0.10797,-0.12737,0.09057,-0.25798,0.32289,-0.40910,0.36191,0.31822,0.29227
0.72207,1.71539,1.02648,1.95091,1.99518,-0.92486,1.80617,0.27283,1.95118,1.15577
1.39320,1.49738,-0.76936,1.54514,-0.71784,-0.18952,1.40589,0.34381,0.44648,0.82973
1.60429,1.70854,0.14422,-0.99201,1.86604,-0.37604,0.74805,-0.38625,-0.13105,-0.25863
1.16645,-0.49492,1.97697,-0.92651,-0.49860,1.07290,-0.40386,1.12729,0.90433,-0.00940
0.65082,0.48087,-0.38865,1.37373,0.82679,0.95848,0.36233,0.67818,1.34740,1.04137
1.82236,-0.96324,1.42725,1.47042,-0.69818,1.84144,1.42117,1.64717,0.39051,0.12472
1.57907,1.81726,0.33703,1.22932,0.77992,-0.78396,-0.11866,-0.01214,0.60400,0.55522
0.32877,0.09296,1.97677,0.58075,1.23391,0.55875,0.22226,1.05481,0.66681,1.05271
-0.98861,1.45460,1.72784,0.59635,1.13138,-0.61353,1.54957,1.41957,0.46715,-0.35554
-0.31004,-0.67138,1.82640,-0.78407,-0.83649,-0.25020,1.61620,1.45744,0.36023,-0.42101
-0.22332,1.79913,1.58405,-0.60181,1.41753,1.75225,1.50616,-0.96798,-0.89428,0.78279
0.48573,-0.14883,1.23637,1.64323,0.92746,0.08416,0.64992,0.57352,0.18629,1.46315
1.68061,1.72430,1.68554,1.47824,1.57170,0.60257,1.98777,1.56955,0.74032,1.85228
1.69834,-0.62913,1.42774,1.18458,-0.45595,0.97826,0.74301,0.01220,-0.01777,1.57192
-0.75267,1.63591,0.77255,0.87320,-0.77494,-0.69989,-0.48818,-0.84164,-0.84280,1.41083
0.78562,0.53179,1.51817,1.43525,0.53493,1.47330,0.53272,1.71770,0.19835,-0.68117
-0.62108,1.20968,1.32375,0.46613,1.95690,0.08119,1.41119,1.26058,-0.14889,0.67511
-0.49054,-0.72174,0.66616,1.81805,0.47929,0.77819,1.66821,1.25304,-0.33232,1.11391
-0.60935,1.53897,1.25339,0.49995,0.57496,-0.28240,-0.68678,-0.22528,1.49895,1.68089
1.84292,-0.97628,-0.66879,1.26930,0.89409,0.95151,-0.10709,1.60747,0.97810,-0.78467
0.57635,0.23275,0.34569,0.40890,-0.06295,1.80129,0.60119,-0.72386,1.15091,1.23408
1.71255,0.84712,-0.03342,-0.22710,0.41865,1.86263,1.21176,0.87795,1.67241,-0.82909
1.10271,0.43356,0.63719,0.94217,-0.90696,-0.49583,-0.58208,1.23883,-0.65640,-0.77492
-0.18372,-0.96910,1.99820,0.92120,-0.88819,0.14222,0.78413,0.84213,-0.07385,-0.09027
0.32751,1.66430,0.99460,-0.05716,1.68649,1.09875,0.40564,0.19225,0.52167,1.06247
0.97354,-0.29918,1.56049,0.04885,-0.86188,0.98207,-0.66385,1.94434,-0.99204,-0.89287
-0.51760,-0.50830,0.20964,-0.21749,0.90725,-0.01272,-0.73490,-0.07474,-0.12116,-0.62380
-0.23238,1.56703,0.78067,1.50009,-0.13333,-0.88840,0.75258,1.10537,1.16328,1.42164
-0.83409,-0.39832,1.06110,0.00778,-0.65334,0.10751,1.97956,0.66493,1.57892,1.21525
1.34893,-0.97671,0.86383,-0.55357,-0.96171,-0.83414,-0.15118,1.73192,0.69576,-0.02514
1.49324,-0.25472,1.37381,-0.95085,-0.66304,-0.37953,0.56426,0.07023,-0.23370,1.85999
-0.27231,1.25366,0.26169,1.43722,-0.17902,1.64614,-0.27364,1.23200,-0.65587,1.09940
-0.01109,0.40371,-0.00221,-0.27576,-0.06252,0.21258,0.31068,0.06779,-0.20204,1.78361
-0.20603,1.71246,1.02451,-0.74562,0.56022,0.74827,0.36219,-0.78952,0.18994,0.23313
1.51825,0.79360,0.66977,1.54581,0.39147,-0.16810,1.57991,-0.39393,1.32117,1.46510
1.18541,-0.83215,1.32995,1.07010,-0.26624,0.22086,0.70191,-0.41968,-0.26099,-0.16958
-0.80656,0.06246,-0.62109,-0.24587,0.58299,0.21512,1.61256,0.29905,1.23169,0.87476
1.49682,-0.58235,1.69549,-0.62221,0.80666,-0.31232,-0.84921,-0.04695,0.42145,0.82083
0.98288,1.39801,-0.58238,0.73457,1.51975,0.35234,0.24384,1.11064,0.12216,0.82892
0.15972,-0.85364,0.60153,-0.29007,0.31228,0.41898,0.46901,1.52598,0.63772,1.12862
0.97493,-0.90581,0.75848,0.24565,-0.68011,0.13193,-0.34400,1.08755,1.14808,1.69874
-0.41126,0.99548,-0.93412,0.15518,1.96772,0.98093,1.81708,-0.04966,0.13647,-0.24752
0.97568,1.06777,-0.63468,1.14587,-0.26073,-0.86110,-0.03313,0.83260,1.88401,0.47203
-0.67469,0.25130,1.24213,1.95708,-0.84728,0.86631,-0.25366,0.45441,-0.05399,1.39060
1.35910,0.59076,0.18702,1.28968,0.73618,-0.79657,0.07327,0.31939,1.02798,1.97022
1.14209,0.86318,0.32132,1.54495,-0.38104,-0.95270,0.92313,0.87350,1.23360,-0.05105
0.77666,-0.84518,0.50177,1.93490,-0.07062,-0.37539,-0.05374,-0.40066,0.52685,1.18114
0.74260,0.85248,1.94749,-0.62179,0.24084,1.58937,-0.38085,1.25908,1.86446,-0.24753
-0.11982,-0.26646,-0.98433,1.26006,0.37184,1.28236,-0.19656,0.50828,0.93748,0.36072
0.15448,1.45339,-0.96100,1.93714,0.26895,-0.68866,-0.86989,-0.74779,1.09062,-0.26490
0.70582,-0.38461,0.22937,0.41818,0.59441,-0.51722,0.53798,0.48945,-0.59334,0.67481
-0.52593,0.46475,-0.60985,1.55403,-0.72283,1.14698,-0.11506,-0.79399,0.10766,-0.43774
0.66040,-0.73893,1.17566,0.09907,0.03672,0.93921,-0.05848,0.79968,-0.05632,-0.35907
-0.84539,1.80844,0.71133,-0.27110,1.80146,0.17375,1.20653,0.69961,1.87286,-0.59889
0.88123,1.28966,-0.22697,0.42751,1.27877,-0.43323,1.35957,-0.58566,-0.04222,1.23135
0.25334,1.36851,-0.75998,0.44351,-0.62715,0.30908,1.94605,-0.17695,1.78086,1.11253
-0.07406,1.99393,1.21515,0.61831,0.33396,0.57695,1.14671,-0.20627,-0.57917,0.03777
0.93331,-0.65848,-0.16877,-0.56058,0.86050,-0.06296,0.29004,0.09509,-0.97857,-0.55811
0.56081,-0.73763,-0.83052,-0.89253,0.96291,0.80805,0.12363,0.13668,1.92589,0.29792
1.29286,-0.81697,1.84185,1.68057,1.43845,-0.60801,1.22509,-0.18142,-0.58002,0.52026
0.96795,1.78330,-0.24312,0.53030,1.18323,0.03964,-0.45819,1.36385,0.60153,1.20854
1.60019,-0.34527,1.11544,0.52779,1.16425,1.38491,1.80629,1.07191,-0.20084,0.29585
1.30412,1.95224,1.67914,-0.78560,1.92254,0.16516,0.36217,-0.97937,0.84325,-0.35149
1.66631,-0.39578,0.20480,-0.48719,1.60294,1.53696,1.70437,-0.93591,0.04008,0.23526
-0.84493,1.55375,1.90309,1.66314,1.56613,1.43443,1.97664,1.05812,0.21655,0.73113
-0.84830,0.74824,1.57432,1.17285,0.35716,-0.21468,-0.35488,1.95895,-0.62954,0.84190
1.76045,1.46392,0.49435,0.27253,1.27586,0.62549,0.08219,-0.67458,0.43060,-0.22672
